{
  "p01": -0.13010414597638778,
  "p20": 3.005950523216061e-17
}